video_id,video_title,question_id,question,answer,difficulty
NJ-JcDcff8o,كيف تسيطر على عقول البشر؟ | الدحيح,NJ-JcDcff8o_Q001,ماذا ورد في هذا الموضع من النص؟,"هو اللي قالّي: ""نُط""، هنُط.",Easy
NJ-JcDcff8o,كيف تسيطر على عقول البشر؟ | الدحيح,NJ-JcDcff8o_Q002,ما الجملة المذكورة في هذا السياق؟,إنك تموت معانا يا رأسمالي يا سفيه!,Medium
NJ-JcDcff8o,كيف تسيطر على عقول البشر؟ | الدحيح,NJ-JcDcff8o_Q003,كيف صيغت العبارة هنا؟,- أيوة. اطردوه برة.,Easy
NJ-JcDcff8o,كيف تسيطر على عقول البشر؟ | الدحيح,NJ-JcDcff8o_Q004,ما الذي قيل في هذا الجزء؟,artificial sweeteners،,Medium
NJ-JcDcff8o,كيف تسيطر على عقول البشر؟ | الدحيح,NJ-JcDcff8o_Q005,ما النص الحرفي المذكور في هذه الفقرة؟,السلام عليكم ورحمة الله وبركاته،,Easy
NJ-JcDcff8o,كيف تسيطر على عقول البشر؟ | الدحيح,NJ-JcDcff8o_Q006,ماذا ورد في هذا الموضع من النص؟,"من برنامج ""الدحّيح""!",Medium
NJ-JcDcff8o,كيف تسيطر على عقول البشر؟ | الدحيح,NJ-JcDcff8o_Q007,ما الجملة المذكورة في هذا السياق؟,وحاول ما تندمش إن انت ادّتني إيدك المرادي،,Easy
NJ-JcDcff8o,كيف تسيطر على عقول البشر؟ | الدحيح,NJ-JcDcff8o_Q008,كيف صيغت العبارة هنا؟,في أعماق إحدى الغابات الاستوائية،,Medium
NJ-JcDcff8o,كيف تسيطر على عقول البشر؟ | الدحيح,NJ-JcDcff8o_Q009,ما الذي قيل في هذا الجزء؟,واقفة في صف طويل جدًا من الناس،,Easy
NJ-JcDcff8o,كيف تسيطر على عقول البشر؟ | الدحيح,NJ-JcDcff8o_Q010,ما النص الحرفي المذكور في هذه الفقرة؟,وهُما ماسكين كوبايات،,Medium
NJ-JcDcff8o,كيف تسيطر على عقول البشر؟ | الدحيح,NJ-JcDcff8o_Q011,ماذا ورد في هذا الموضع من النص؟,اللي لابس نضارة سودا،,Easy
NJ-JcDcff8o,كيف تسيطر على عقول البشر؟ | الدحيح,NJ-JcDcff8o_Q012,ما الجملة المذكورة في هذا السياق؟,على كرسي كأنه عرش،,Medium
NJ-JcDcff8o,كيف تسيطر على عقول البشر؟ | الدحيح,NJ-JcDcff8o_Q013,كيف صيغت العبارة هنا؟,قامت الناس رافعة الكوبايات اللي كان فيهم سِم،,Easy
NJ-JcDcff8o,كيف تسيطر على عقول البشر؟ | الدحيح,NJ-JcDcff8o_Q014,ما الذي قيل في هذا الجزء؟,وزي ما شُفنا، أطفال،,Medium
NJ-JcDcff8o,كيف تسيطر على عقول البشر؟ | الدحيح,NJ-JcDcff8o_Q015,ما النص الحرفي المذكور في هذه الفقرة؟,صوت الغابة بيرجع يعلى من تاني،,Easy
NJ-JcDcff8o,كيف تسيطر على عقول البشر؟ | الدحيح,NJ-JcDcff8o_Q016,ماذا ورد في هذا الموضع من النص؟,وكان موجود على العرش، وانتحر،,Medium
NJ-JcDcff8o,كيف تسيطر على عقول البشر؟ | الدحيح,NJ-JcDcff8o_Q017,ما الجملة المذكورة في هذا السياق؟,من أكبر عمليات الانتحار الجماعي في التاريخ.,Easy
NJ-JcDcff8o,كيف تسيطر على عقول البشر؟ | الدحيح,NJ-JcDcff8o_Q018,كيف صيغت العبارة هنا؟,مش ازاي كل دُول ماتوا،,Medium
NJ-JcDcff8o,كيف تسيطر على عقول البشر؟ | الدحيح,NJ-JcDcff8o_Q019,ما الذي قيل في هذا الجزء؟,وافقوا بإرادتهم الحُرة,Easy
NJ-JcDcff8o,كيف تسيطر على عقول البشر؟ | الدحيح,NJ-JcDcff8o_Q020,ما النص الحرفي المذكور في هذه الفقرة؟,كانت إجابته بسيطة جدًا،,Medium
NJ-JcDcff8o,كيف تسيطر على عقول البشر؟ | الدحيح,NJ-JcDcff8o_Q021,ماذا ورد في هذا الموضع من النص؟,"على حسب قاموس ""ويبستر""،",Easy
NJ-JcDcff8o,كيف تسيطر على عقول البشر؟ | الدحيح,NJ-JcDcff8o_Q022,ما الجملة المذكورة في هذا السياق؟,ليها عقائد أو ممارسات,Medium
NJ-JcDcff8o,كيف تسيطر على عقول البشر؟ | الدحيح,NJ-JcDcff8o_Q023,كيف صيغت العبارة هنا؟,معزولة وهي بتشرب السِم,Easy
NJ-JcDcff8o,كيف تسيطر على عقول البشر؟ | الدحيح,NJ-JcDcff8o_Q024,ما الذي قيل في هذا الجزء؟,"يطيعوا قائد بعينه؟!""",Medium
NJ-JcDcff8o,كيف تسيطر على عقول البشر؟ | الدحيح,NJ-JcDcff8o_Q025,ما النص الحرفي المذكور في هذه الفقرة؟,بفكر إن أنا يبقى عندي cult صغير،,Easy
NJ-JcDcff8o,كيف تسيطر على عقول البشر؟ | الدحيح,NJ-JcDcff8o_Q026,ماذا ورد في هذا الموضع من النص؟,"ويقول: ""نفسي أنتمي لطائفة،",Medium
NJ-JcDcff8o,كيف تسيطر على عقول البشر؟ | الدحيح,NJ-JcDcff8o_Q027,ما الجملة المذكورة في هذا السياق؟,مش بتقدّم نفسها كمشروع للموت،,Easy
NJ-JcDcff8o,كيف تسيطر على عقول البشر؟ | الدحيح,NJ-JcDcff8o_Q028,كيف صيغت العبارة هنا؟,اللي موجودة في حياتنا،,Medium
NJ-JcDcff8o,كيف تسيطر على عقول البشر؟ | الدحيح,NJ-JcDcff8o_Q029,ما الذي قيل في هذا الجزء؟,اللي بيلعب على احتياج الناس،,Easy
NJ-JcDcff8o,كيف تسيطر على عقول البشر؟ | الدحيح,NJ-JcDcff8o_Q030,ما النص الحرفي المذكور في هذه الفقرة؟,احتياجك للانتماء،,Medium
NJ-JcDcff8o,كيف تسيطر على عقول البشر؟ | الدحيح,NJ-JcDcff8o_Q031,ماذا ورد في هذا الموضع من النص؟,تتغلب على محدوديتك كفرد.,Easy
NJ-JcDcff8o,كيف تسيطر على عقول البشر؟ | الدحيح,NJ-JcDcff8o_Q032,ما الجملة المذكورة في هذا السياق؟,عاملة زي ما تكون حاجة موجودة في الـDNA،,Medium
NJ-JcDcff8o,كيف تسيطر على عقول البشر؟ | الدحيح,NJ-JcDcff8o_Q033,كيف صيغت العبارة هنا؟,الضحية بتدخل المصيدة بإرادتها الحُرة،,Easy
NJ-JcDcff8o,كيف تسيطر على عقول البشر؟ | الدحيح,NJ-JcDcff8o_Q034,ما الذي قيل في هذا الجزء؟,للشخص اللي بينضم لهذه الطوائف،,Medium
NJ-JcDcff8o,كيف تسيطر على عقول البشر؟ | الدحيح,NJ-JcDcff8o_Q035,ما النص الحرفي المذكور في هذه الفقرة؟,بين كل طايفة والتانية,Easy
NJ-JcDcff8o,كيف تسيطر على عقول البشر؟ | الدحيح,NJ-JcDcff8o_Q036,ماذا ورد في هذا الموضع من النص؟,في لحظات التحول،,Medium
NJ-JcDcff8o,كيف تسيطر على عقول البشر؟ | الدحيح,NJ-JcDcff8o_Q037,ما الجملة المذكورة في هذا السياق؟,على الإحساس بالهشاشة،,Easy
NJ-JcDcff8o,كيف تسيطر على عقول البشر؟ | الدحيح,NJ-JcDcff8o_Q038,كيف صيغت العبارة هنا؟,الحاجات المصايب الكبيرة،,Medium
NJ-JcDcff8o,كيف تسيطر على عقول البشر؟ | الدحيح,NJ-JcDcff8o_Q039,ما الذي قيل في هذا الجزء؟,حتى بين أهله وأصحابه.,Easy
NJ-JcDcff8o,كيف تسيطر على عقول البشر؟ | الدحيح,NJ-JcDcff8o_Q040,ما النص الحرفي المذكور في هذه الفقرة؟,لو كان في حالته الطبيعية.,Medium
NJ-JcDcff8o,كيف تسيطر على عقول البشر؟ | الدحيح,NJ-JcDcff8o_Q041,ماذا ورد في هذا الموضع من النص؟,"كان هو بداية طائفة ""جونز""، اللي حكيتلك عنها،",Easy
NJ-JcDcff8o,كيف تسيطر على عقول البشر؟ | الدحيح,NJ-JcDcff8o_Q042,ما الجملة المذكورة في هذا السياق؟,والستات رجعت تاني على البيوت.,Medium
NJ-JcDcff8o,كيف تسيطر على عقول البشر؟ | الدحيح,NJ-JcDcff8o_Q043,كيف صيغت العبارة هنا؟,لسة ما بقيتش واضحة،,Easy
NJ-JcDcff8o,كيف تسيطر على عقول البشر؟ | الدحيح,NJ-JcDcff8o_Q044,ما الذي قيل في هذا الجزء؟,"ظهر واعظ اسمه ""جيم جونز""،",Medium
NJ-JcDcff8o,كيف تسيطر على عقول البشر؟ | الدحيح,NJ-JcDcff8o_Q045,ما النص الحرفي المذكور في هذه الفقرة؟,وفهم مخاوفهم كويس،,Easy
NJ-JcDcff8o,كيف تسيطر على عقول البشر؟ | الدحيح,NJ-JcDcff8o_Q046,ماذا ورد في هذا الموضع من النص؟,بمجتمع متساوي،,Medium
NJ-JcDcff8o,كيف تسيطر على عقول البشر؟ | الدحيح,NJ-JcDcff8o_Q047,ما الجملة المذكورة في هذا السياق؟,هيكون كل الناس مُرحَّب بيهم،,Easy
NJ-JcDcff8o,كيف تسيطر على عقول البشر؟ | الدحيح,NJ-JcDcff8o_Q048,كيف صيغت العبارة هنا؟,لم يكُن مجرد مكان للصلاة،,Medium
NJ-JcDcff8o,كيف تسيطر على عقول البشر؟ | الدحيح,NJ-JcDcff8o_Q049,ما الذي قيل في هذا الجزء؟,من عائلاتها ومشاكلها.,Easy
NJ-JcDcff8o,كيف تسيطر على عقول البشر؟ | الدحيح,NJ-JcDcff8o_Q050,ما النص الحرفي المذكور في هذه الفقرة؟,ما كانش فيه أسهل من الكلام والخُطَب،,Medium
NJ-JcDcff8o,كيف تسيطر على عقول البشر؟ | الدحيح,NJ-JcDcff8o_Q051,ماذا ورد في هذا الموضع من النص؟,إن هو مؤمن بالمساواة،,Easy
NJ-JcDcff8o,كيف تسيطر على عقول البشر؟ | الدحيح,NJ-JcDcff8o_Q052,ما الجملة المذكورة في هذا السياق؟,ييجوا يحضروا قُدّاس الأحد مع البيض،,Medium
NJ-JcDcff8o,كيف تسيطر على عقول البشر؟ | الدحيح,NJ-JcDcff8o_Q053,كيف صيغت العبارة هنا؟,اتبنّوا أطفال من أعراق مختلفة،,Easy
NJ-JcDcff8o,كيف تسيطر على عقول البشر؟ | الدحيح,NJ-JcDcff8o_Q054,ما الذي قيل في هذا الجزء؟,ووزّع ملابس على المحتاجين.,Medium
NJ-JcDcff8o,كيف تسيطر على عقول البشر؟ | الدحيح,NJ-JcDcff8o_Q055,ما النص الحرفي المذكور في هذه الفقرة؟,ويخلّي الناس تقف وتصقف من الحماس،,Easy
NJ-JcDcff8o,كيف تسيطر على عقول البشر؟ | الدحيح,NJ-JcDcff8o_Q056,ماذا ورد في هذا الموضع من النص؟,الحلم اللي بيدوّروا عليه.,Medium
NJ-JcDcff8o,كيف تسيطر على عقول البشر؟ | الدحيح,NJ-JcDcff8o_Q057,ما الجملة المذكورة في هذا السياق؟,فيه حاجة ماسّة للانتماء،,Easy
NJ-JcDcff8o,كيف تسيطر على عقول البشر؟ | الدحيح,NJ-JcDcff8o_Q058,كيف صيغت العبارة هنا؟,اللي هو المعبد بتاعه،,Medium
NJ-JcDcff8o,كيف تسيطر على عقول البشر؟ | الدحيح,NJ-JcDcff8o_Q059,ما الذي قيل في هذا الجزء؟,للناس اللي بتجيله، لا أكثر ولا أقل.,Easy
NJ-JcDcff8o,كيف تسيطر على عقول البشر؟ | الدحيح,NJ-JcDcff8o_Q060,ما النص الحرفي المذكور في هذه الفقرة؟,ما الراجل ماشي كويس أهو!,Medium
NJ-JcDcff8o,كيف تسيطر على عقول البشر؟ | الدحيح,NJ-JcDcff8o_Q061,ماذا ورد في هذا الموضع من النص؟,بتقول على نفسها cult!,Easy
NJ-JcDcff8o,كيف تسيطر على عقول البشر؟ | الدحيح,NJ-JcDcff8o_Q062,ما الجملة المذكورة في هذا السياق؟,بتبدأ من الخطوة اللي جاية،,Medium
NJ-JcDcff8o,كيف تسيطر على عقول البشر؟ | الدحيح,NJ-JcDcff8o_Q063,كيف صيغت العبارة هنا؟,لازم يتحول في نظر أتباعه,Easy
NJ-JcDcff8o,كيف تسيطر على عقول البشر؟ | الدحيح,NJ-JcDcff8o_Q064,ما الذي قيل في هذا الجزء؟,بيعمل الخير، ويرميه البحر،,Medium
NJ-JcDcff8o,كيف تسيطر على عقول البشر؟ | الدحيح,NJ-JcDcff8o_Q065,ما النص الحرفي المذكور في هذه الفقرة؟,دايمًا بتبقى مزيج سام ومعقد،,Easy
NJ-JcDcff8o,كيف تسيطر على عقول البشر؟ | الدحيح,NJ-JcDcff8o_Q066,ماذا ورد في هذا الموضع من النص؟,"والـ""كاريزما"" الساحرة،",Medium
NJ-JcDcff8o,كيف تسيطر على عقول البشر؟ | الدحيح,NJ-JcDcff8o_Q067,ما الجملة المذكورة في هذا السياق؟,لأ، دا عايزك تعبده!,Easy
NJ-JcDcff8o,كيف تسيطر على عقول البشر؟ | الدحيح,NJ-JcDcff8o_Q068,كيف صيغت العبارة هنا؟,وبيعمل scan لكل نقط الضعف والاحتياجات،,Medium
NJ-JcDcff8o,كيف تسيطر على عقول البشر؟ | الدحيح,NJ-JcDcff8o_Q069,ما الذي قيل في هذا الجزء؟,وفيه صندوق على ضهري، (طلبات).,Easy
NJ-JcDcff8o,كيف تسيطر على عقول البشر؟ | الدحيح,NJ-JcDcff8o_Q070,ما النص الحرفي المذكور في هذه الفقرة؟,لكل شخص قُدّامه.,Medium
NJ-JcDcff8o,كيف تسيطر على عقول البشر؟ | الدحيح,NJ-JcDcff8o_Q071,ماذا ورد في هذا الموضع من النص؟,"انتي مميزة عن باقي الـcult.""",Easy
NJ-JcDcff8o,كيف تسيطر على عقول البشر؟ | الدحيح,NJ-JcDcff8o_Q072,ما الجملة المذكورة في هذا السياق؟,شايف هذه الضحية وسط الملايين من أتباعه.,Medium
NJ-JcDcff8o,كيف تسيطر على عقول البشر؟ | الدحيح,NJ-JcDcff8o_Q073,كيف صيغت العبارة هنا؟,يفرز دوبامين بسهولة،,Easy
NJ-JcDcff8o,كيف تسيطر على عقول البشر؟ | الدحيح,NJ-JcDcff8o_Q074,ما الذي قيل في هذا الجزء؟,حالة من إدمان القائد، زي ما بتدمن المخدرات.,Medium
NJ-JcDcff8o,كيف تسيطر على عقول البشر؟ | الدحيح,NJ-JcDcff8o_Q075,ما النص الحرفي المذكور في هذه الفقرة؟,مع الاحتياج بتاعك،,Easy
NJ-JcDcff8o,كيف تسيطر على عقول البشر؟ | الدحيح,NJ-JcDcff8o_Q076,ماذا ورد في هذا الموضع من النص؟,وانت عايز توصلّها،,Medium
NJ-JcDcff8o,كيف تسيطر على عقول البشر؟ | الدحيح,NJ-JcDcff8o_Q077,ما الجملة المذكورة في هذا السياق؟,بينك وبين اللي بتدوّر عليه،,Easy
NJ-JcDcff8o,كيف تسيطر على عقول البشر؟ | الدحيح,NJ-JcDcff8o_Q078,كيف صيغت العبارة هنا؟,حتى لو انت مش فاهم كلامه،,Medium
NJ-JcDcff8o,كيف تسيطر على عقول البشر؟ | الدحيح,NJ-JcDcff8o_Q079,ما الذي قيل في هذا الجزء؟,عشان تعرف تفهم.,Easy
NJ-JcDcff8o,كيف تسيطر على عقول البشر؟ | الدحيح,NJ-JcDcff8o_Q080,ما النص الحرفي المذكور في هذه الفقرة؟,ونعرف تطبيقها على أرض الواقع.,Medium
NJ-JcDcff8o,كيف تسيطر على عقول البشر؟ | الدحيح,NJ-JcDcff8o_Q081,ماذا ورد في هذا الموضع من النص؟,هي كسر صورة رجُل الدين التقليدي الممل،,Easy
NJ-JcDcff8o,كيف تسيطر على عقول البشر؟ | الدحيح,NJ-JcDcff8o_Q082,ما الجملة المذكورة في هذا السياق؟,الكُتُب المقدسة على الأرض،,Medium
NJ-JcDcff8o,كيف تسيطر على عقول البشر؟ | الدحيح,NJ-JcDcff8o_Q083,كيف صيغت العبارة هنا؟,كان بيتلون بلون اللي قاعد معاه،,Easy
NJ-JcDcff8o,كيف تسيطر على عقول البشر؟ | الدحيح,NJ-JcDcff8o_Q084,ما الذي قيل في هذا الجزء؟,"""أنا اشتراكي، تعالى نغيّر العالم،",Medium
NJ-JcDcff8o,كيف تسيطر على عقول البشر؟ | الدحيح,NJ-JcDcff8o_Q085,ما النص الحرفي المذكور في هذه الفقرة؟,"يقولّه: ""عادي، مش لازم تؤمن بربنا.""",Easy
NJ-JcDcff8o,كيف تسيطر على عقول البشر؟ | الدحيح,NJ-JcDcff8o_Q086,ماذا ورد في هذا الموضع من النص؟,"مع الراجل اللي لسة مكلمه من شوية!""",Medium
NJ-JcDcff8o,كيف تسيطر على عقول البشر؟ | الدحيح,NJ-JcDcff8o_Q087,ما الجملة المذكورة في هذا السياق؟,مهما كان انتماؤه،,Easy
NJ-JcDcff8o,كيف تسيطر على عقول البشر؟ | الدحيح,NJ-JcDcff8o_Q088,كيف صيغت العبارة هنا؟,زي المساواة والقضاء على الفقر؟ مين؟,Medium
NJ-JcDcff8o,كيف تسيطر على عقول البشر؟ | الدحيح,NJ-JcDcff8o_Q089,ما الذي قيل في هذا الجزء؟,والعدالة الاشتراكية.,Easy
NJ-JcDcff8o,كيف تسيطر على عقول البشر؟ | الدحيح,NJ-JcDcff8o_Q090,ما النص الحرفي المذكور في هذه الفقرة؟,لم يكُن لوحده كافي،,Medium
NJ-JcDcff8o,كيف تسيطر على عقول البشر؟ | الدحيح,NJ-JcDcff8o_Q091,ماذا ورد في هذا الموضع من النص؟,تثبتلنا إن انت فوق البشر!,Easy
NJ-JcDcff8o,كيف تسيطر على عقول البشر؟ | الدحيح,NJ-JcDcff8o_Q092,ما الجملة المذكورة في هذا السياق؟,"وبيعمل مهام كأنه ""سوبرمان""،",Medium
NJ-JcDcff8o,كيف تسيطر على عقول البشر؟ | الدحيح,NJ-JcDcff8o_Q093,كيف صيغت العبارة هنا؟,محصّن ضد الإرهاق والإنهاك،,Easy
NJ-JcDcff8o,كيف تسيطر على عقول البشر؟ | الدحيح,NJ-JcDcff8o_Q094,ما الذي قيل في هذا الجزء؟,الراجل، زي ما ممكن تكون توقعت،,Medium
NJ-JcDcff8o,كيف تسيطر على عقول البشر؟ | الدحيح,NJ-JcDcff8o_Q095,ما النص الحرفي المذكور في هذه الفقرة؟,وهو خارج من الكنيسة قُدّام الناس،,Easy
NJ-JcDcff8o,كيف تسيطر على عقول البشر؟ | الدحيح,NJ-JcDcff8o_Q096,ماذا ورد في هذا الموضع من النص؟,إنه شفا نفسه بنفسه، لأن جسمه مقدس،,Medium
NJ-JcDcff8o,كيف تسيطر على عقول البشر؟ | الدحيح,NJ-JcDcff8o_Q097,ما الجملة المذكورة في هذا السياق؟,وفضلوا يبصولّه كأنه إله!,Easy
NJ-JcDcff8o,كيف تسيطر على عقول البشر؟ | الدحيح,NJ-JcDcff8o_Q098,كيف صيغت العبارة هنا؟,هتكون معجزة الشفاء،,Medium
NJ-JcDcff8o,كيف تسيطر على عقول البشر؟ | الدحيح,NJ-JcDcff8o_Q099,ما الذي قيل في هذا الجزء؟,يجبّس رجليهم وهُما نايمين،,Easy
NJ-JcDcff8o,كيف تسيطر على عقول البشر؟ | الدحيح,NJ-JcDcff8o_Q100,ما النص الحرفي المذكور في هذه الفقرة؟,"فيقولولها: ""انتي وقعتي، ورجليكي اتكسرت!""",Medium
NJ-JcDcff8o,كيف تسيطر على عقول البشر؟ | الدحيح,NJ-JcDcff8o_Q101,ماذا ورد في هذا الموضع من النص؟,وسط تهليل وتبجيل من متابعيه،,Easy
NJ-JcDcff8o,كيف تسيطر على عقول البشر؟ | الدحيح,NJ-JcDcff8o_Q102,ما الجملة المذكورة في هذا السياق؟,"""قومي امشي.""",Medium
NJ-JcDcff8o,كيف تسيطر على عقول البشر؟ | الدحيح,NJ-JcDcff8o_Q103,كيف صيغت العبارة هنا؟,"بتقوم ترقص ""تانجو""!",Easy
NJ-JcDcff8o,كيف تسيطر على عقول البشر؟ | الدحيح,NJ-JcDcff8o_Q104,ما الذي قيل في هذا الجزء؟,"والراجل دا شفاني!""",Medium
NJ-JcDcff8o,كيف تسيطر على عقول البشر؟ | الدحيح,NJ-JcDcff8o_Q105,ما النص الحرفي المذكور في هذه الفقرة؟,في حدود المعبد بتاعه،,Easy
NJ-JcDcff8o,كيف تسيطر على عقول البشر؟ | الدحيح,NJ-JcDcff8o_Q106,ماذا ورد في هذا الموضع من النص؟,بفضل عشرات السياسيين,Medium
NJ-JcDcff8o,كيف تسيطر على عقول البشر؟ | الدحيح,NJ-JcDcff8o_Q107,ما الجملة المذكورة في هذا السياق؟,يعني شخصيات بذكاء السياسيين,Easy
NJ-JcDcff8o,كيف تسيطر على عقول البشر؟ | الدحيح,NJ-JcDcff8o_Q108,كيف صيغت العبارة هنا؟,سواء بيعمل معجزات،,Medium
NJ-JcDcff8o,كيف تسيطر على عقول البشر؟ | الدحيح,NJ-JcDcff8o_Q109,ما الذي قيل في هذا الجزء؟,ويعملّه after effects،,Easy
NJ-JcDcff8o,كيف تسيطر على عقول البشر؟ | الدحيح,NJ-JcDcff8o_Q110,ما النص الحرفي المذكور في هذه الفقرة؟,حاطط إيده على كتلة تصويتية ضخمة،,Medium
NJ-JcDcff8o,كيف تسيطر على عقول البشر؟ | الدحيح,NJ-JcDcff8o_Q111,ماذا ورد في هذا الموضع من النص؟,معجزة أكبر بكتير من موضوع الجبس!,Easy
NJ-JcDcff8o,كيف تسيطر على عقول البشر؟ | الدحيح,NJ-JcDcff8o_Q112,ما الجملة المذكورة في هذا السياق؟,"""جورج موسكوني"" لمنصب العمدة،",Medium
NJ-JcDcff8o,كيف تسيطر على عقول البشر؟ | الدحيح,NJ-JcDcff8o_Q113,كيف صيغت العبارة هنا؟,"بركاتك يا عم ""جونز""!",Easy
NJ-JcDcff8o,كيف تسيطر على عقول البشر؟ | الدحيح,NJ-JcDcff8o_Q114,ما الذي قيل في هذا الجزء؟,"كرئيس لهيئة الإسكان في ""سان فرانسيسكو""،",Medium
NJ-JcDcff8o,كيف تسيطر على عقول البشر؟ | الدحيح,NJ-JcDcff8o_Q115,ما النص الحرفي المذكور في هذه الفقرة؟,وصل لأعلى المستويات.,Easy
NJ-JcDcff8o,كيف تسيطر على عقول البشر؟ | الدحيح,NJ-JcDcff8o_Q116,ماذا ورد في هذا الموضع من النص؟,رجُل براجماتي،,Medium
NJ-JcDcff8o,كيف تسيطر على عقول البشر؟ | الدحيح,NJ-JcDcff8o_Q117,ما الجملة المذكورة في هذا السياق؟,في عيون أتباعه أكبر من مجرد قائد،,Easy
NJ-JcDcff8o,كيف تسيطر على عقول البشر؟ | الدحيح,NJ-JcDcff8o_Q118,كيف صيغت العبارة هنا؟,الـIdentity reconstruction بتحصل ازاي،,Medium
NJ-JcDcff8o,كيف تسيطر على عقول البشر؟ | الدحيح,NJ-JcDcff8o_Q119,ما الذي قيل في هذا الجزء؟,"حَطه العالِم ""ستيفن حسن""،",Easy
NJ-JcDcff8o,كيف تسيطر على عقول البشر؟ | الدحيح,NJ-JcDcff8o_Q120,ما النص الحرفي المذكور في هذه الفقرة؟,عضو في طائفة Unification Church،,Medium
NJ-JcDcff8o,كيف تسيطر على عقول البشر؟ | الدحيح,NJ-JcDcff8o_Q121,ماذا ورد في هذا الموضع من النص؟,"وتحوّله إلى عروسة ""ماريونيت""،",Easy
NJ-JcDcff8o,كيف تسيطر على عقول البشر؟ | الدحيح,NJ-JcDcff8o_Q122,ما الجملة المذكورة في هذا السياق؟,مبروك عليك الإنسان!,Medium
NJ-JcDcff8o,كيف تسيطر على عقول البشر؟ | الدحيح,NJ-JcDcff8o_Q123,كيف صيغت العبارة هنا؟,لمّا سيطر على المعلومات،,Easy
NJ-JcDcff8o,كيف تسيطر على عقول البشر؟ | الدحيح,NJ-JcDcff8o_Q124,ما الذي قيل في هذا الجزء؟,عن العالَم الخطير الوحِش اللي برة دا،,Medium
NJ-JcDcff8o,كيف تسيطر على عقول البشر؟ | الدحيح,NJ-JcDcff8o_Q125,ما النص الحرفي المذكور في هذه الفقرة؟,"هينزل في مجلة ""نيو ويست""،",Easy
NJ-JcDcff8o,كيف تسيطر على عقول البشر؟ | الدحيح,NJ-JcDcff8o_Q126,ماذا ورد في هذا الموضع من النص؟,حصلت جوا المعبد،,Medium
NJ-JcDcff8o,كيف تسيطر على عقول البشر؟ | الدحيح,NJ-JcDcff8o_Q127,ما الجملة المذكورة في هذا السياق؟,والاستغلال الجنسي للأعضاء،,Easy
NJ-JcDcff8o,كيف تسيطر على عقول البشر؟ | الدحيح,NJ-JcDcff8o_Q128,كيف صيغت العبارة هنا؟,إنه يهرب بـ1000 من أتباعه,Medium
NJ-JcDcff8o,كيف تسيطر على عقول البشر؟ | الدحيح,NJ-JcDcff8o_Q129,ما الذي قيل في هذا الجزء؟,لآخر العالَم، لو طلب منهم،,Easy
NJ-JcDcff8o,كيف تسيطر على عقول البشر؟ | الدحيح,NJ-JcDcff8o_Q130,ما النص الحرفي المذكور في هذه الفقرة؟,وهُما على الفرّازة،,Medium
NJ-JcDcff8o,كيف تسيطر على عقول البشر؟ | الدحيح,NJ-JcDcff8o_Q131,ماذا ورد في هذا الموضع من النص؟,اللي عدّوا باختبارات كتير مرعبة،,Easy
NJ-JcDcff8o,كيف تسيطر على عقول البشر؟ | الدحيح,NJ-JcDcff8o_Q132,ما الجملة المذكورة في هذا السياق؟,في عز الحرب الباردة،,Medium
NJ-JcDcff8o,كيف تسيطر على عقول البشر؟ | الدحيح,NJ-JcDcff8o_Q133,كيف صيغت العبارة هنا؟,كانوا بيلعبوا الروليت الروسي مع بعض،,Easy
NJ-JcDcff8o,كيف تسيطر على عقول البشر؟ | الدحيح,NJ-JcDcff8o_Q134,ما الذي قيل في هذا الجزء؟,كان على حافة الفناء.,Medium
NJ-JcDcff8o,كيف تسيطر على عقول البشر؟ | الدحيح,NJ-JcDcff8o_Q135,ما النص الحرفي المذكور في هذه الفقرة؟,ويختبر أتباعه،,Easy
NJ-JcDcff8o,كيف تسيطر على عقول البشر؟ | الدحيح,NJ-JcDcff8o_Q136,ماذا ورد في هذا الموضع من النص؟,كمان 12 سنة تقريبًا،,Medium
NJ-JcDcff8o,كيف تسيطر على عقول البشر؟ | الدحيح,NJ-JcDcff8o_Q137,ما الجملة المذكورة في هذا السياق؟,"""جيم"" بيستغل الخوف من السلاح النووي،",Easy
NJ-JcDcff8o,كيف تسيطر على عقول البشر؟ | الدحيح,NJ-JcDcff8o_Q138,كيف صيغت العبارة هنا؟,هتُقَع على الغرب الأوسط الأمريكي،,Medium
NJ-JcDcff8o,كيف تسيطر على عقول البشر؟ | الدحيح,NJ-JcDcff8o_Q139,ما الذي قيل في هذا الجزء؟,من أتباعه المخلصين،,Easy
NJ-JcDcff8o,كيف تسيطر على عقول البشر؟ | الدحيح,NJ-JcDcff8o_Q140,ما النص الحرفي المذكور في هذه الفقرة؟,"من ""إنديانا"" إلى ""كاليفورنيا"".",Medium
NJ-JcDcff8o,كيف تسيطر على عقول البشر؟ | الدحيح,NJ-JcDcff8o_Q141,ماذا ورد في هذا الموضع من النص؟,من الانفجار النووي اللي هيحصل،,Easy
NJ-JcDcff8o,كيف تسيطر على عقول البشر؟ | الدحيح,NJ-JcDcff8o_Q142,ما الجملة المذكورة في هذا السياق؟,ويعرف مين مصدّق رسالته بجد،,Medium
NJ-JcDcff8o,كيف تسيطر على عقول البشر؟ | الدحيح,NJ-JcDcff8o_Q143,كيف صيغت العبارة هنا؟,"يرمي حياته ورا ضهره، وييجي معايا.""",Easy
NJ-JcDcff8o,كيف تسيطر على عقول البشر؟ | الدحيح,NJ-JcDcff8o_Q144,ما الذي قيل في هذا الجزء؟,كل سنة ورا التانية،,Medium
NJ-JcDcff8o,كيف تسيطر على عقول البشر؟ | الدحيح,NJ-JcDcff8o_Q145,ما النص الحرفي المذكور في هذه الفقرة؟,إن سنة 77، لمّا يقول يا هروب،,Easy
NJ-JcDcff8o,كيف تسيطر على عقول البشر؟ | الدحيح,NJ-JcDcff8o_Q146,ماذا ورد في هذا الموضع من النص؟,اللي كان بيقدّمهالهم وقت الاختبارات،,Medium
NJ-JcDcff8o,كيف تسيطر على عقول البشر؟ | الدحيح,NJ-JcDcff8o_Q147,ما الجملة المذكورة في هذا السياق؟,"بحلم الـ""يوتوبيا""،",Easy
NJ-JcDcff8o,كيف تسيطر على عقول البشر؟ | الدحيح,NJ-JcDcff8o_Q148,كيف صيغت العبارة هنا؟,"في (أمريكا اللاتينية).""",Medium
NJ-JcDcff8o,كيف تسيطر على عقول البشر؟ | الدحيح,NJ-JcDcff8o_Q149,ما الذي قيل في هذا الجزء؟,إن دي ما كانتش رؤيا،,Easy
NJ-JcDcff8o,كيف تسيطر على عقول البشر؟ | الدحيح,NJ-JcDcff8o_Q150,ما النص الحرفي المذكور في هذه الفقرة؟,"عشان ما بيسلّموش مجرمين لـ""أمريكا"".",Medium
NJ-JcDcff8o,كيف تسيطر على عقول البشر؟ | الدحيح,NJ-JcDcff8o_Q151,ماذا ورد في هذا الموضع من النص؟,وبيبدأ ما يُعرف بـJonestown.,Easy
NJ-JcDcff8o,كيف تسيطر على عقول البشر؟ | الدحيح,NJ-JcDcff8o_Q152,ما الجملة المذكورة في هذا السياق؟,"بإنها ""أرض الميعاد""،",Medium
NJ-JcDcff8o,كيف تسيطر على عقول البشر؟ | الدحيح,NJ-JcDcff8o_Q153,كيف صيغت العبارة هنا؟,هيجروا بحرّية، ما فيش جريمة،,Easy
NJ-JcDcff8o,كيف تسيطر على عقول البشر؟ | الدحيح,NJ-JcDcff8o_Q154,ما الذي قيل في هذا الجزء؟,"اللي عمّنا ""جونز"" عمّال يخططلها،",Medium
NJ-JcDcff8o,كيف تسيطر على عقول البشر؟ | الدحيح,NJ-JcDcff8o_Q155,ما النص الحرفي المذكور في هذه الفقرة؟,ولا بتخرّج منها،,Easy
NJ-JcDcff8o,كيف تسيطر على عقول البشر؟ | الدحيح,NJ-JcDcff8o_Q156,ماذا ورد في هذا الموضع من النص؟,يوم كامل في النهر، عشان يوصل لأقرب مدينة.,Medium
NJ-JcDcff8o,كيف تسيطر على عقول البشر؟ | الدحيح,NJ-JcDcff8o_Q157,ما الجملة المذكورة في هذا السياق؟,"وفلوسكم، عشان نشيلهالكم في الأمانات.""",Easy
NJ-JcDcff8o,كيف تسيطر على عقول البشر؟ | الدحيح,NJ-JcDcff8o_Q158,كيف صيغت العبارة هنا؟,أي اتصال بالعالم الخارجي،,Medium
NJ-JcDcff8o,كيف تسيطر على عقول البشر؟ | الدحيح,NJ-JcDcff8o_Q159,ما الذي قيل في هذا الجزء؟,كان بيتفتح ويتقري الأول قبل ما يجيلك،,Easy
NJ-JcDcff8o,كيف تسيطر على عقول البشر؟ | الدحيح,NJ-JcDcff8o_Q160,ما النص الحرفي المذكور في هذه الفقرة؟,كان بيترمي في الزبالة، كأنه ما جاش!,Medium
NJ-JcDcff8o,كيف تسيطر على عقول البشر؟ | الدحيح,NJ-JcDcff8o_Q161,ماذا ورد في هذا الموضع من النص؟,"كان راديو مع ""جيم جونز""،",Easy
NJ-JcDcff8o,كيف تسيطر على عقول البشر؟ | الدحيح,NJ-JcDcff8o_Q162,ما الجملة المذكورة في هذا السياق؟,"في كل حتة في ""جونزتاون""،",Medium
NJ-JcDcff8o,كيف تسيطر على عقول البشر؟ | الدحيح,NJ-JcDcff8o_Q163,كيف صيغت العبارة هنا؟,fake news من تأليفه،,Easy
NJ-JcDcff8o,كيف تسيطر على عقول البشر؟ | الدحيح,NJ-JcDcff8o_Q164,ما الذي قيل في هذا الجزء؟,"وهاتك يا هبد، ولا ""الدحّيح""!",Medium
NJ-JcDcff8o,كيف تسيطر على عقول البشر؟ | الدحيح,NJ-JcDcff8o_Q165,ما النص الحرفي المذكور في هذه الفقرة؟,(أمريكا) أصبحت جحيم!,Easy
NJ-JcDcff8o,كيف تسيطر على عقول البشر؟ | الدحيح,NJ-JcDcff8o_Q166,ماذا ورد في هذا الموضع من النص؟,تعمل على عمل معسكرات لحبس السود!,Medium
NJ-JcDcff8o,كيف تسيطر على عقول البشر؟ | الدحيح,NJ-JcDcff8o_Q167,ما الجملة المذكورة في هذا السياق؟,فبعد كدا، اتكسر... كانت كارثة يعني، مشكلة!,Easy
NJ-JcDcff8o,كيف تسيطر على عقول البشر؟ | الدحيح,NJ-JcDcff8o_Q168,كيف صيغت العبارة هنا؟,عايز يوصّلها للناس اللي معاه,Medium
NJ-JcDcff8o,كيف تسيطر على عقول البشر؟ | الدحيح,NJ-JcDcff8o_Q169,ما الذي قيل في هذا الجزء؟,غير مَصدَر واحد للمعلومة،,Easy
NJ-JcDcff8o,كيف تسيطر على عقول البشر؟ | الدحيح,NJ-JcDcff8o_Q170,ما النص الحرفي المذكور في هذه الفقرة؟,عشان يبقى عندك cult،,Medium
NJ-JcDcff8o,كيف تسيطر على عقول البشر؟ | الدحيح,NJ-JcDcff8o_Q171,ماذا ورد في هذا الموضع من النص؟,"أنا بفكر أعمل الطائفة العزيزية!""",Easy
NJ-JcDcff8o,كيف تسيطر على عقول البشر؟ | الدحيح,NJ-JcDcff8o_Q172,ما الجملة المذكورة في هذا السياق؟,"بيعملوا حواوشي في ""منيا القمح""،",Medium
NJ-JcDcff8o,كيف تسيطر على عقول البشر؟ | الدحيح,NJ-JcDcff8o_Q173,كيف صيغت العبارة هنا؟,"بـ""كاريزما"" وذكاء.",Easy
NJ-JcDcff8o,كيف تسيطر على عقول البشر؟ | الدحيح,NJ-JcDcff8o_Q174,ما الذي قيل في هذا الجزء؟,"كمّل الحلقة بسرعة يا (أبو حميد)!""",Medium
NJ-JcDcff8o,كيف تسيطر على عقول البشر؟ | الدحيح,NJ-JcDcff8o_Q175,ما النص الحرفي المذكور في هذه الفقرة؟,التحكم في السلوك، behavior control،,Easy
NJ-JcDcff8o,كيف تسيطر على عقول البشر؟ | الدحيح,NJ-JcDcff8o_Q176,ماذا ورد في هذا الموضع من النص؟,في إنه ينهك ضحاياه جسديًا،,Medium
NJ-JcDcff8o,كيف تسيطر على عقول البشر؟ | الدحيح,NJ-JcDcff8o_Q177,ما الجملة المذكورة في هذا السياق؟,والبيئة المحيطة بيهم،,Easy
NJ-JcDcff8o,كيف تسيطر على عقول البشر؟ | الدحيح,NJ-JcDcff8o_Q178,كيف صيغت العبارة هنا؟,إن الإنسان المنهك،,Medium
NJ-JcDcff8o,كيف تسيطر على عقول البشر؟ | الدحيح,NJ-JcDcff8o_Q179,ما الذي قيل في هذا الجزء؟,لا للمقاومة ولا للتفكير ولا للمراجعة،,Easy
NJ-JcDcff8o,كيف تسيطر على عقول البشر؟ | الدحيح,NJ-JcDcff8o_Q180,ما النص الحرفي المذكور في هذه الفقرة؟,كانوا أشبه بعُمّال سُخرة،,Medium
NJ-JcDcff8o,كيف تسيطر على عقول البشر؟ | الدحيح,NJ-JcDcff8o_Q181,ماذا ورد في هذا الموضع من النص؟,وناموس وأمراض استوائية،,Easy
NJ-JcDcff8o,كيف تسيطر على عقول البشر؟ | الدحيح,NJ-JcDcff8o_Q182,ما الجملة المذكورة في هذا السياق؟,لمّا بيتعرّض لشمس، بيحمرّ،,Medium
NJ-JcDcff8o,كيف تسيطر على عقول البشر؟ | الدحيح,NJ-JcDcff8o_Q183,كيف صيغت العبارة هنا؟,مش الدنيا غابة، لأ، احنا في غابة فعلًا.,Easy
NJ-JcDcff8o,كيف تسيطر على عقول البشر؟ | الدحيح,NJ-JcDcff8o_Q184,ما الذي قيل في هذا الجزء؟,إن التربة هناك كانت شديدة الحمضية،,Medium
NJ-JcDcff8o,كيف تسيطر على عقول البشر؟ | الدحيح,NJ-JcDcff8o_Q185,ما النص الحرفي المذكور في هذه الفقرة؟,اللي إخواتنا الأمريكان كانوا متعودين عليها،,Easy
NJ-JcDcff8o,كيف تسيطر على عقول البشر؟ | الدحيح,NJ-JcDcff8o_Q186,ماذا ورد في هذا الموضع من النص؟,ونسيوا العلاقة مع البروتين!,Medium
NJ-JcDcff8o,كيف تسيطر على عقول البشر؟ | الدحيح,NJ-JcDcff8o_Q187,ما الجملة المذكورة في هذا السياق؟,ما فيش ذَفَر!,Easy
NJ-JcDcff8o,كيف تسيطر على عقول البشر؟ | الدحيح,NJ-JcDcff8o_Q188,كيف صيغت العبارة هنا؟,اللي كان بياكل لحمة وبيض،,Medium
NJ-JcDcff8o,كيف تسيطر على عقول البشر؟ | الدحيح,NJ-JcDcff8o_Q189,ما الذي قيل في هذا الجزء؟,إن هُما يتبرعوله بكل مدخراتهم،,Easy
NJ-JcDcff8o,كيف تسيطر على عقول البشر؟ | الدحيح,NJ-JcDcff8o_Q190,ما النص الحرفي المذكور في هذه الفقرة؟,يبيع البيت بتاعه، ويدّيني تمنه،,Medium
NJ-JcDcff8o,كيف تسيطر على عقول البشر؟ | الدحيح,NJ-JcDcff8o_Q191,ماذا ورد في هذا الموضع من النص؟,تتجمّع عندي في الكنيسة بتاعتي،,Easy
NJ-JcDcff8o,كيف تسيطر على عقول البشر؟ | الدحيح,NJ-JcDcff8o_Q192,ما الجملة المذكورة في هذا السياق؟,"معتمد على ""جونز"" في الأكل والشرب،",Medium
NJ-JcDcff8o,كيف تسيطر على عقول البشر؟ | الدحيح,NJ-JcDcff8o_Q193,كيف صيغت العبارة هنا؟,"""جونز"" هو اللي بيقولهاله.",Easy
NJ-JcDcff8o,كيف تسيطر على عقول البشر؟ | الدحيح,NJ-JcDcff8o_Q194,ما الذي قيل في هذا الجزء؟,إن انت مش مصدّق هذا الرجُل،,Medium
NJ-JcDcff8o,كيف تسيطر على عقول البشر؟ | الدحيح,NJ-JcDcff8o_Q195,ما النص الحرفي المذكور في هذه الفقرة؟,على أي إحساس عند أتباعه بالخصوصية والكرامة،,Easy
NJ-JcDcff8o,كيف تسيطر على عقول البشر؟ | الدحيح,NJ-JcDcff8o_Q196,ماذا ورد في هذا الموضع من النص؟,لوحدك كدا، فرد،,Medium
NJ-JcDcff8o,كيف تسيطر على عقول البشر؟ | الدحيح,NJ-JcDcff8o_Q197,ما الجملة المذكورة في هذا السياق؟,في إنه يتحكّم مين يعيش مع مين،,Easy
NJ-JcDcff8o,كيف تسيطر على عقول البشر؟ | الدحيح,NJ-JcDcff8o_Q198,كيف صيغت العبارة هنا؟,اللي يجب على صاحب الـcult إنه يتحكّم فيها،,Medium
NJ-JcDcff8o,كيف تسيطر على عقول البشر؟ | الدحيح,NJ-JcDcff8o_Q199,ما الذي قيل في هذا الجزء؟,فاضلّك في ذمتي الأفكار!,Easy
NJ-JcDcff8o,كيف تسيطر على عقول البشر؟ | الدحيح,NJ-JcDcff8o_Q200,ما النص الحرفي المذكور في هذه الفقرة؟,على الـemotional control والتحكم العاطفي.,Medium
NJ-JcDcff8o,كيف تسيطر على عقول البشر؟ | الدحيح,NJ-JcDcff8o_Q201,ماذا ورد في هذا الموضع من النص؟,زي ما المصادر بتقول عنه،,Easy
NJ-JcDcff8o,كيف تسيطر على عقول البشر؟ | الدحيح,NJ-JcDcff8o_Q202,ما الجملة المذكورة في هذا السياق؟,انتم شعب الله المختار، مبروك عليكم!,Medium
NJ-JcDcff8o,كيف تسيطر على عقول البشر؟ | الدحيح,NJ-JcDcff8o_Q203,كيف صيغت العبارة هنا؟,"بوجودكم في هذه المدينة!""",Easy
NJ-JcDcff8o,كيف تسيطر على عقول البشر؟ | الدحيح,NJ-JcDcff8o_Q204,ما الذي قيل في هذا الجزء؟,"ويفكروا: ""الراجل دا بيقولّنا كدا ليه؟!",Medium
NJ-JcDcff8o,كيف تسيطر على عقول البشر؟ | الدحيح,NJ-JcDcff8o_Q205,ما النص الحرفي المذكور في هذه الفقرة؟,عقابه عسير وعلني،,Easy
NJ-JcDcff8o,كيف تسيطر على عقول البشر؟ | الدحيح,NJ-JcDcff8o_Q206,ماذا ورد في هذا الموضع من النص؟,إن هُما كانوا بيطلّعوا العضو المقصّر،,Medium
NJ-JcDcff8o,كيف تسيطر على عقول البشر؟ | الدحيح,NJ-JcDcff8o_Q207,ما الجملة المذكورة في هذا السياق؟,هو اللي بيختار المقصّر،,Easy
NJ-JcDcff8o,كيف تسيطر على عقول البشر؟ | الدحيح,NJ-JcDcff8o_Q208,كيف صيغت العبارة هنا؟,لا أطفال ولا رجالة كبار ولا ستات،,Medium
NJ-JcDcff8o,كيف تسيطر على عقول البشر؟ | الدحيح,NJ-JcDcff8o_Q209,ما الذي قيل في هذا الجزء؟,"مش هنتضرب قصاد بعض؟!""",Easy
NJ-JcDcff8o,كيف تسيطر على عقول البشر؟ | الدحيح,NJ-JcDcff8o_Q210,ما النص الحرفي المذكور في هذه الفقرة؟,يحسوا بالذنب الشديد والدونية.,Medium
NJ-JcDcff8o,كيف تسيطر على عقول البشر؟ | الدحيح,NJ-JcDcff8o_Q211,ماذا ورد في هذا الموضع من النص؟,وعلاقات زي علاقة الجواز دي,Easy
NJ-JcDcff8o,كيف تسيطر على عقول البشر؟ | الدحيح,NJ-JcDcff8o_Q212,ما الجملة المذكورة في هذا السياق؟,معناها إن الولاء بدأ يتوزّع، يا لهوي!,Medium
NJ-JcDcff8o,كيف تسيطر على عقول البشر؟ | الدحيح,NJ-JcDcff8o_Q213,كيف صيغت العبارة هنا؟,ولازم تتضرب باللوح!,Easy
NJ-JcDcff8o,كيف تسيطر على عقول البشر؟ | الدحيح,NJ-JcDcff8o_Q214,ما الذي قيل في هذا الجزء؟,"غير كلمتي أنا!""",Medium
NJ-JcDcff8o,كيف تسيطر على عقول البشر؟ | الدحيح,NJ-JcDcff8o_Q215,ما النص الحرفي المذكور في هذه الفقرة؟,إن هو يكسر الروابط الأُسرية،,Easy
NJ-JcDcff8o,كيف تسيطر على عقول البشر؟ | الدحيح,NJ-JcDcff8o_Q216,ماذا ورد في هذا الموضع من النص؟,بيحبوا بعض، مشاعرهم ملتهبة،,Medium
NJ-JcDcff8o,كيف تسيطر على عقول البشر؟ | الدحيح,NJ-JcDcff8o_Q217,ما الجملة المذكورة في هذا السياق؟,ما تبقاش سعيدة في جوازها،,Easy
NJ-JcDcff8o,كيف تسيطر على عقول البشر؟ | الدحيح,NJ-JcDcff8o_Q218,كيف صيغت العبارة هنا؟,ما يخلّيش عاطفة لأي حد غيره.,Medium
NJ-JcDcff8o,كيف تسيطر على عقول البشر؟ | الدحيح,NJ-JcDcff8o_Q219,ما الذي قيل في هذا الجزء؟,"وبَحُط ""إفّيهات"" في النُص،",Easy
NJ-JcDcff8o,كيف تسيطر على عقول البشر؟ | الدحيح,NJ-JcDcff8o_Q220,ما النص الحرفي المذكور في هذه الفقرة؟,في حلقات تانية يعني،,Medium
NJ-JcDcff8o,كيف تسيطر على عقول البشر؟ | الدحيح,NJ-JcDcff8o_Q221,ماذا ورد في هذا الموضع من النص؟,مواعيد اللقاءات الزوجية.,Easy
NJ-JcDcff8o,كيف تسيطر على عقول البشر؟ | الدحيح,NJ-JcDcff8o_Q222,ما الجملة المذكورة في هذا السياق؟,"العلاقات الزوجية دي؟!""",Medium
NJ-JcDcff8o,كيف تسيطر على عقول البشر؟ | الدحيح,NJ-JcDcff8o_Q223,كيف صيغت العبارة هنا؟,يا اللي مش فاهم حاجة،,Easy
NJ-JcDcff8o,كيف تسيطر على عقول البشر؟ | الدحيح,NJ-JcDcff8o_Q224,ما الذي قيل في هذا الجزء؟,عملية التناسل مع زوجته،,Medium
NJ-JcDcff8o,كيف تسيطر على عقول البشر؟ | الدحيح,NJ-JcDcff8o_Q225,ما النص الحرفي المذكور في هذه الفقرة؟,"أنا وانتي إخوات!""",Easy
NJ-JcDcff8o,كيف تسيطر على عقول البشر؟ | الدحيح,NJ-JcDcff8o_Q226,ماذا ورد في هذا الموضع من النص؟,"أنا تعبت منه!""",Medium
NJ-JcDcff8o,كيف تسيطر على عقول البشر؟ | الدحيح,NJ-JcDcff8o_Q227,ما الجملة المذكورة في هذا السياق؟,"- ""هو لسة فيه؟!""",Easy
NJ-JcDcff8o,كيف تسيطر على عقول البشر؟ | الدحيح,NJ-JcDcff8o_Q228,كيف صيغت العبارة هنا؟,علاقات جنسية استغلالية,Medium
NJ-JcDcff8o,كيف تسيطر على عقول البشر؟ | الدحيح,NJ-JcDcff8o_Q229,ما الذي قيل في هذا الجزء؟,اختبار ولاء!,Easy
NJ-JcDcff8o,كيف تسيطر على عقول البشر؟ | الدحيح,NJ-JcDcff8o_Q230,ما النص الحرفي المذكور في هذه الفقرة؟,"أنا مالي أنا؟!""",Medium
NJ-JcDcff8o,كيف تسيطر على عقول البشر؟ | الدحيح,NJ-JcDcff8o_Q231,ماذا ورد في هذا الموضع من النص؟,إنه يمتلك عقول وأجساد أتباعه.,Easy
NJ-JcDcff8o,كيف تسيطر على عقول البشر؟ | الدحيح,NJ-JcDcff8o_Q232,ما الجملة المذكورة في هذا السياق؟,"للي انت عايز توصلّه!""",Medium
NJ-JcDcff8o,كيف تسيطر على عقول البشر؟ | الدحيح,NJ-JcDcff8o_Q233,كيف صيغت العبارة هنا؟,اللعب كان في الـsoftware،,Easy
NJ-JcDcff8o,كيف تسيطر على عقول البشر؟ | الدحيح,NJ-JcDcff8o_Q234,ما الذي قيل في هذا الجزء؟,لغة خاصة ومصطلحات جديدة،,Medium
NJ-JcDcff8o,كيف تسيطر على عقول البشر؟ | الدحيح,NJ-JcDcff8o_Q235,ما النص الحرفي المذكور في هذه الفقرة؟,"اللي بنسمع كلام (جونز).""",Easy
NJ-JcDcff8o,كيف تسيطر على عقول البشر؟ | الدحيح,NJ-JcDcff8o_Q236,ماذا ورد في هذا الموضع من النص؟,تقسيمة طفولية وساذجة جدًا،,Medium
NJ-JcDcff8o,كيف تسيطر على عقول البشر؟ | الدحيح,NJ-JcDcff8o_Q237,ما الجملة المذكورة في هذا السياق؟,لا تتخيلها، يا عزيزي،,Easy
NJ-JcDcff8o,كيف تسيطر على عقول البشر؟ | الدحيح,NJ-JcDcff8o_Q238,كيف صيغت العبارة هنا؟,أي مساحة من الشك بين الأتباع.,Medium
NJ-JcDcff8o,كيف تسيطر على عقول البشر؟ | الدحيح,NJ-JcDcff8o_Q239,ما الذي قيل في هذا الجزء؟,على أفكار أتباعه،,Easy
NJ-JcDcff8o,كيف تسيطر على عقول البشر؟ | الدحيح,NJ-JcDcff8o_Q240,ما النص الحرفي المذكور في هذه الفقرة؟,"في ""جونز"" واللي بيحصل حواليك،",Medium
NJ-JcDcff8o,كيف تسيطر على عقول البشر؟ | الدحيح,NJ-JcDcff8o_Q241,ماذا ورد في هذا الموضع من النص؟,اللي بتعمله دا غلط! اقف!,Easy
NJ-JcDcff8o,كيف تسيطر على عقول البشر؟ | الدحيح,NJ-JcDcff8o_Q242,ما الجملة المذكورة في هذا السياق؟,"إن ""الأب (جونز) أدرى بمصلحتي.""",Medium
NJ-JcDcff8o,كيف تسيطر على عقول البشر؟ | الدحيح,NJ-JcDcff8o_Q243,كيف صيغت العبارة هنا؟,لحد ما الفكرة تروح من دماغك!,Easy
NJ-JcDcff8o,كيف تسيطر على عقول البشر؟ | الدحيح,NJ-JcDcff8o_Q244,ما الذي قيل في هذا الجزء؟,التفكير النقدي تحول إلى خطيئة،,Medium
NJ-JcDcff8o,كيف تسيطر على عقول البشر؟ | الدحيح,NJ-JcDcff8o_Q245,ما النص الحرفي المذكور في هذه الفقرة؟,في أتباعه البارانويا، الرعب النفسي،,Easy
NJ-JcDcff8o,كيف تسيطر على عقول البشر؟ | الدحيح,NJ-JcDcff8o_Q246,ماذا ورد في هذا الموضع من النص؟,إنها خايفة تتكلم مع بعض،,Medium
NJ-JcDcff8o,كيف تسيطر على عقول البشر؟ | الدحيح,NJ-JcDcff8o_Q247,ما الجملة المذكورة في هذا السياق؟,"اللي عنده أفكار وشكوك ضد ""جونز""،",Easy
NJ-JcDcff8o,كيف تسيطر على عقول البشر؟ | الدحيح,NJ-JcDcff8o_Q248,كيف صيغت العبارة هنا؟,لمراحل وحشية جدًا من التعذيب،,Medium
NJ-JcDcff8o,كيف تسيطر على عقول البشر؟ | الدحيح,NJ-JcDcff8o_Q249,ما الذي قيل في هذا الجزء؟,"""جونز"" استخدم وحدة الرعاية الخاصة،",Easy
NJ-JcDcff8o,كيف تسيطر على عقول البشر؟ | الدحيح,NJ-JcDcff8o_Q250,ما النص الحرفي المذكور في هذه الفقرة؟,فاقدين للوعي والإرادة!,Medium
NJ-JcDcff8o,كيف تسيطر على عقول البشر؟ | الدحيح,NJ-JcDcff8o_Q251,ماذا ورد في هذا الموضع من النص؟,"""جونز"" كان بيغذّي الخوف جوا الناس اللي معاه،",Easy
NJ-JcDcff8o,كيف تسيطر على عقول البشر؟ | الدحيح,NJ-JcDcff8o_Q252,ما الجملة المذكورة في هذا السياق؟,ويعمل بيه تمثيليات على أتباعه،,Medium
NJ-JcDcff8o,كيف تسيطر على عقول البشر؟ | الدحيح,NJ-JcDcff8o_Q253,كيف صيغت العبارة هنا؟,"""سمعتم الأصوات؟",Easy
NJ-JcDcff8o,كيف تسيطر على عقول البشر؟ | الدحيح,NJ-JcDcff8o_Q254,ما الذي قيل في هذا الجزء؟,"جايين يقبضوا علينا.""",Medium
NJ-JcDcff8o,كيف تسيطر على عقول البشر؟ | الدحيح,NJ-JcDcff8o_Q255,ما النص الحرفي المذكور في هذه الفقرة؟,تترسخ تمامًا في عقول الأتباع،,Easy
NJ-JcDcff8o,كيف تسيطر على عقول البشر؟ | الدحيح,NJ-JcDcff8o_Q256,ماذا ورد في هذا الموضع من النص؟,ما فيش وَسَط،,Medium
NJ-JcDcff8o,كيف تسيطر على عقول البشر؟ | الدحيح,NJ-JcDcff8o_Q257,ما الجملة المذكورة في هذا السياق؟,عن العالم الخارجي.,Easy
NJ-JcDcff8o,كيف تسيطر على عقول البشر؟ | الدحيح,NJ-JcDcff8o_Q258,كيف صيغت العبارة هنا؟,وشوف هذا النموذج وهو بيتحقق،,Medium
NJ-JcDcff8o,كيف تسيطر على عقول البشر؟ | الدحيح,NJ-JcDcff8o_Q259,ما الذي قيل في هذا الجزء؟,زي ما تكون ترس في ماكينة،,Easy
NJ-JcDcff8o,كيف تسيطر على عقول البشر؟ | الدحيح,NJ-JcDcff8o_Q260,ما النص الحرفي المذكور في هذه الفقرة؟,يتحرك خطوة واحدة لقُدّام،,Medium
NJ-JcDcff8o,كيف تسيطر على عقول البشر؟ | الدحيح,NJ-JcDcff8o_Q261,ماذا ورد في هذا الموضع من النص؟,"مش جريمة، ولّا؟!""",Easy
NJ-JcDcff8o,كيف تسيطر على عقول البشر؟ | الدحيح,NJ-JcDcff8o_Q262,ما الجملة المذكورة في هذا السياق؟,أنا مش حِمل الـcult، مصاريف جامدة!,Medium
NJ-JcDcff8o,كيف تسيطر على عقول البشر؟ | الدحيح,NJ-JcDcff8o_Q263,كيف صيغت العبارة هنا؟,ومش كل الخطوط!,Easy
NJ-JcDcff8o,كيف تسيطر على عقول البشر؟ | الدحيح,NJ-JcDcff8o_Q264,ما الذي قيل في هذا الجزء؟,"""انت يا أستاذ، طلّعت فيزا (حلوان)؟!",Medium
NJ-JcDcff8o,كيف تسيطر على عقول البشر؟ | الدحيح,NJ-JcDcff8o_Q265,ما النص الحرفي المذكور في هذه الفقرة؟,اتفضل، يا عزيزي، اسأل!,Easy
NJ-JcDcff8o,كيف تسيطر على عقول البشر؟ | الدحيح,NJ-JcDcff8o_Q266,ماذا ورد في هذا الموضع من النص؟,ومنعهم حتى من التفكير،,Medium
NJ-JcDcff8o,كيف تسيطر على عقول البشر؟ | الدحيح,NJ-JcDcff8o_Q267,ما الجملة المذكورة في هذا السياق؟,وقام قايلّه: (ما تيجي ياد نهرب)؟!,Easy
NJ-JcDcff8o,كيف تسيطر على عقول البشر؟ | الدحيح,NJ-JcDcff8o_Q268,كيف صيغت العبارة هنا؟,بيفرّق الأزواج وبيستغلّ أتباعه؟,Medium
NJ-JcDcff8o,كيف تسيطر على عقول البشر؟ | الدحيح,NJ-JcDcff8o_Q269,ما الذي قيل في هذا الجزء؟,"والناس مش شايفة الحقيقة قصاد عينيها!""",Easy
NJ-JcDcff8o,كيف تسيطر على عقول البشر؟ | الدحيح,NJ-JcDcff8o_Q270,ما النص الحرفي المذكور في هذه الفقرة؟,في كلمتين عزيزتي بتعشقهم...,Medium
NJ-JcDcff8o,كيف تسيطر على عقول البشر؟ | الدحيح,NJ-JcDcff8o_Q271,ماذا ورد في هذا الموضع من النص؟,"مع واحد ""توكسيك"" مطلّع عين أهلك ليه،",Easy
NJ-JcDcff8o,كيف تسيطر على عقول البشر؟ | الدحيح,NJ-JcDcff8o_Q272,ما الجملة المذكورة في هذا السياق؟,وما زلت مستمرة في هذه العلاقة،,Medium
NJ-JcDcff8o,كيف تسيطر على عقول البشر؟ | الدحيح,NJ-JcDcff8o_Q273,كيف صيغت العبارة هنا؟,الإنسان لمّا بيتعرّض لظروف قاسية،,Easy
NJ-JcDcff8o,كيف تسيطر على عقول البشر؟ | الدحيح,NJ-JcDcff8o_Q274,ما الذي قيل في هذا الجزء؟,هنعرف نقاوم ونتصرف بشكل إيجابي،,Medium
NJ-JcDcff8o,كيف تسيطر على عقول البشر؟ | الدحيح,NJ-JcDcff8o_Q275,ما النص الحرفي المذكور في هذه الفقرة؟,"من متلازمة ""ستوكهولم"" الشهيرة،",Easy
NJ-JcDcff8o,كيف تسيطر على عقول البشر؟ | الدحيح,NJ-JcDcff8o_Q276,ماذا ورد في هذا الموضع من النص؟,بتبدأ تتعلّق بالجلاد اللي بيعاقبها،,Medium
NJ-JcDcff8o,كيف تسيطر على عقول البشر؟ | الدحيح,NJ-JcDcff8o_Q277,ما الجملة المذكورة في هذا السياق؟,بتلحم الناس في بعض،,Easy
NJ-JcDcff8o,كيف تسيطر على عقول البشر؟ | الدحيح,NJ-JcDcff8o_Q278,كيف صيغت العبارة هنا؟,عن طريق الصدمة،,Medium
NJ-JcDcff8o,كيف تسيطر على عقول البشر؟ | الدحيح,NJ-JcDcff8o_Q279,ما الذي قيل في هذا الجزء؟,يرضى عنهم ويبطّل يأذيهم،,Easy
NJ-JcDcff8o,كيف تسيطر على عقول البشر؟ | الدحيح,NJ-JcDcff8o_Q280,ما النص الحرفي المذكور في هذه الفقرة؟,اللي كانوا عليها في الأول.,Medium
NJ-JcDcff8o,كيف تسيطر على عقول البشر؟ | الدحيح,NJ-JcDcff8o_Q281,ماذا ورد في هذا الموضع من النص؟,وتدلقها في البحر،,Easy
NJ-JcDcff8o,كيف تسيطر على عقول البشر؟ | الدحيح,NJ-JcDcff8o_Q282,ما الجملة المذكورة في هذا السياق؟,لنفس الكوباية دي،,Medium
NJ-JcDcff8o,كيف تسيطر على عقول البشر؟ | الدحيح,NJ-JcDcff8o_Q283,كيف صيغت العبارة هنا؟,فقدت التميز بتاعها،,Easy
NJ-JcDcff8o,كيف تسيطر على عقول البشر؟ | الدحيح,NJ-JcDcff8o_Q284,ما الذي قيل في هذا الجزء؟,يشوفوا الحياة من غيره هي الموت،,Medium
NJ-JcDcff8o,كيف تسيطر على عقول البشر؟ | الدحيح,NJ-JcDcff8o_Q285,ما النص الحرفي المذكور في هذه الفقرة؟,بصعوبة وبجهد عبقري،,Easy
NJ-JcDcff8o,كيف تسيطر على عقول البشر؟ | الدحيح,NJ-JcDcff8o_Q286,ماذا ورد في هذا الموضع من النص؟,وبيقولّهم إن هُناك هجوم وشيك،,Medium
NJ-JcDcff8o,كيف تسيطر على عقول البشر؟ | الدحيح,NJ-JcDcff8o_Q287,ما الجملة المذكورة في هذا السياق؟,"هو ما يُعرف بـ(الانتحار الثوري).""",Easy
NJ-JcDcff8o,كيف تسيطر على عقول البشر؟ | الدحيح,NJ-JcDcff8o_Q288,كيف صيغت العبارة هنا؟,باعتبارها عمل بطولي،,Medium
NJ-JcDcff8o,كيف تسيطر على عقول البشر؟ | الدحيح,NJ-JcDcff8o_Q289,ما الذي قيل في هذا الجزء؟,ويقدّملهم عصير ويقولّهم:,Easy
NJ-JcDcff8o,كيف تسيطر على عقول البشر؟ | الدحيح,NJ-JcDcff8o_Q290,ما النص الحرفي المذكور في هذه الفقرة؟,والناس تشرب وتعيّط وتودّع بعض.,Medium
NJ-JcDcff8o,كيف تسيطر على عقول البشر؟ | الدحيح,NJ-JcDcff8o_Q291,ماذا ورد في هذا الموضع من النص؟,"ويقولّهم: ""لأ، دا كان اختبار.""",Easy
NJ-JcDcff8o,كيف تسيطر على عقول البشر؟ | الدحيح,NJ-JcDcff8o_Q292,ما الجملة المذكورة في هذا السياق؟,هي مجرد تمثيلية هي كمان،,Medium
NJ-JcDcff8o,كيف تسيطر على عقول البشر؟ | الدحيح,NJ-JcDcff8o_Q293,كيف صيغت العبارة هنا؟,اللي كانت التمثيلية فيها بجد.,Easy
NJ-JcDcff8o,كيف تسيطر على عقول البشر؟ | الدحيح,NJ-JcDcff8o_Q294,ما الذي قيل في هذا الجزء؟,بدأوا يشكوا في الموضوع،,Medium
NJ-JcDcff8o,كيف تسيطر على عقول البشر؟ | الدحيح,NJ-JcDcff8o_Q295,ما النص الحرفي المذكور في هذه الفقرة؟,بالبصمة الشعورية لذويهم!,Easy
NJ-JcDcff8o,كيف تسيطر على عقول البشر؟ | الدحيح,NJ-JcDcff8o_Q296,ماذا ورد في هذا الموضع من النص؟,"في الدايرة القريبة من ""جونز""",Medium
NJ-JcDcff8o,كيف تسيطر على عقول البشر؟ | الدحيح,NJ-JcDcff8o_Q297,ما الجملة المذكورة في هذا السياق؟,"في ""جونزتاون""، اللي حكيتلك عنها،",Easy
NJ-JcDcff8o,كيف تسيطر على عقول البشر؟ | الدحيح,NJ-JcDcff8o_Q298,كيف صيغت العبارة هنا؟,"وقالوا: ""الحقولنا ولادنا!""",Medium
NJ-JcDcff8o,كيف تسيطر على عقول البشر؟ | الدحيح,NJ-JcDcff8o_Q299,ما الذي قيل في هذا الجزء؟,"اللي كان يُدعى ""ليو ريان""،",Easy
NJ-JcDcff8o,كيف تسيطر على عقول البشر؟ | الدحيح,NJ-JcDcff8o_Q300,ما النص الحرفي المذكور في هذه الفقرة؟,"صفّارة الإنذار بتضرب في ""جونزتاون""",Medium
